{"ch_nmse":1.88028085231781,"_timestamp":1.7561271646433275e+09,"_step":0,"_wandb":{"runtime":31},"_runtime":31}